query_field,queries,target_coverage,recall_at_5,mean_rank
complex_task_en,691,1.0,0.9247467438494935,1.3317683881064162
complex_task_zh,691,1.0,0.8842257597684515,1.5024549918166938
simple_task_en,691,1.0,0.9261939218523878,1.409375
simple_task_zh,691,1.0,0.894356005788712,1.4805825242718447
__overall__,2764,1.0,0.9073806078147613,1.4298245614035088
