query_field,queries,target_coverage,recall_at_5,mean_rank
complex_task_en,691,1.0,0.9652677279305355,1.7091454272863569
complex_task_zh,691,1.0,0.9536903039073806,2.065250379362671
simple_task_en,691,1.0,0.9623733719247467,1.6766917293233083
simple_task_zh,691,1.0,0.959479015918958,1.9728506787330318
__overall__,2764,1.0,0.9602026049204052,1.8553127354935945
