query_field,queries,target_coverage,recall_at_5,mean_rank
complex_task_en,691,1.0,0.9464544138929089,1.463302752293578
complex_task_zh,691,1.0,0.9334298118668596,1.8015503875968992
simple_task_en,691,1.0,0.9565846599131693,1.6021180030257187
simple_task_zh,691,1.0,0.9421128798842258,1.7741935483870968
__overall__,2764,1.0,0.9446454413892909,1.6595174262734584
