query_field,queries,target_coverage,recall_at_TOP_K,mean_rank
complex_task_en,691,1.0,0.9739507959479016,1.5973254086181279
complex_task_zh,691,1.0,0.9522431259044862,1.8206686930091185
simple_task_en,691,1.0,0.9623733719247467,1.58796992481203
simple_task_zh,691,1.0,0.9565846599131693,1.8835098335854765
__overall__,2764,1.0,0.961287988422576,1.721490402709823
