query_field,queries,baseline_recall_at_k,rerank_recall_at_k,baseline_mean_rank,rerank_mean_rank
complex_task_en,691,0.9247467438494935,0.9247467438494935,1.7091454272863569,1.7016491754122938
complex_task_zh,691,0.8842257597684515,0.8842257597684515,2.065250379362671,2.0728376327769347
simple_task_en,691,0.9261939218523878,0.9261939218523878,1.6766917293233083,1.6796992481203008
simple_task_zh,691,0.894356005788712,0.8929088277858177,1.9728506787330318,2.0120663650075414
__overall__,2764,0.9073806078147613,0.9070188133140377,1.8553127354935945,1.86586284853052
