query_field,queries,target_coverage,recall_at_5,mean_rank
complex_task_en,691,1.0,0.8986975397973951,1.2463768115942029
complex_task_zh,691,1.0,0.8234442836468886,1.2847100175746924
simple_task_en,691,1.0,0.8929088277858177,1.2982171799027553
simple_task_zh,691,1.0,0.8509406657018813,1.3299319727891157
__overall__,2764,1.0,0.8664978292329957,1.2893528183716074
